year,day_of_week,hour,total_trips,num_days,avg_trips,period
2019,Friday,0,2899,52,55.8,Pre-Pandemic (2019)
2019,Friday,1,1590,52,30.6,Pre-Pandemic (2019)
2019,Friday,2,974,52,18.7,Pre-Pandemic (2019)
2019,Friday,3,388,52,7.5,Pre-Pandemic (2019)
2019,Friday,4,485,52,9.3,Pre-Pandemic (2019)
2019,Friday,5,2290,52,44.0,Pre-Pandemic (2019)
2019,Friday,6,7621,52,146.6,Pre-Pandemic (2019)
2019,Friday,7,21996,52,423.0,Pre-Pandemic (2019)
2019,Friday,8,40930,52,787.1,Pre-Pandemic (2019)
2019,Friday,9,23449,52,450.9,Pre-Pandemic (2019)
2019,Friday,10,14957,52,287.6,Pre-Pandemic (2019)
2019,Friday,11,16404,52,315.5,Pre-Pandemic (2019)
2019,Friday,12,19201,52,369.2,Pre-Pandemic (2019)
2019,Friday,13,19344,52,372.0,Pre-Pandemic (2019)
2019,Friday,14,19160,52,368.5,Pre-Pandemic (2019)
2019,Friday,15,23568,52,453.2,Pre-Pandemic (2019)
2019,Friday,16,34431,52,662.1,Pre-Pandemic (2019)
2019,Friday,17,42299,52,813.4,Pre-Pandemic (2019)
2019,Friday,18,30489,52,586.3,Pre-Pandemic (2019)
2019,Friday,19,21253,52,408.7,Pre-Pandemic (2019)
2019,Friday,20,14633,52,281.4,Pre-Pandemic (2019)
2019,Friday,21,10914,52,209.9,Pre-Pandemic (2019)
2019,Friday,22,9300,52,178.8,Pre-Pandemic (2019)
2019,Friday,23,6459,52,124.2,Pre-Pandemic (2019)
2019,Monday,0,2131,52,41.0,Pre-Pandemic (2019)
2019,Monday,1,1216,52,23.4,Pre-Pandemic (2019)
2019,Monday,2,702,52,13.5,Pre-Pandemic (2019)
2019,Monday,3,283,52,5.4,Pre-Pandemic (2019)
2019,Monday,4,547,52,10.5,Pre-Pandemic (2019)
2019,Monday,5,2577,52,49.6,Pre-Pandemic (2019)
2019,Monday,6,8430,52,162.1,Pre-Pandemic (2019)
2019,Monday,7,23687,52,455.5,Pre-Pandemic (2019)
2019,Monday,8,40825,52,785.1,Pre-Pandemic (2019)
2019,Monday,9,22156,52,426.1,Pre-Pandemic (2019)
2019,Monday,10,13817,52,265.7,Pre-Pandemic (2019)
2019,Monday,11,14607,52,280.9,Pre-Pandemic (2019)
2019,Monday,12,16946,52,325.9,Pre-Pandemic (2019)
2019,Monday,13,15986,52,307.4,Pre-Pandemic (2019)
2019,Monday,14,16385,52,315.1,Pre-Pandemic (2019)
2019,Monday,15,19380,52,372.7,Pre-Pandemic (2019)
2019,Monday,16,32389,52,622.9,Pre-Pandemic (2019)
2019,Monday,17,47884,52,920.8,Pre-Pandemic (2019)
2019,Monday,18,34283,52,659.3,Pre-Pandemic (2019)
2019,Monday,19,22774,52,438.0,Pre-Pandemic (2019)
2019,Monday,20,15069,52,289.8,Pre-Pandemic (2019)
2019,Monday,21,10172,52,195.6,Pre-Pandemic (2019)
2019,Monday,22,6424,52,123.5,Pre-Pandemic (2019)
2019,Monday,23,3380,52,65.0,Pre-Pandemic (2019)
2019,Saturday,0,4654,52,89.5,Pre-Pandemic (2019)
2019,Saturday,1,3736,52,71.8,Pre-Pandemic (2019)
2019,Saturday,2,2337,52,44.9,Pre-Pandemic (2019)
2019,Saturday,3,792,52,15.2,Pre-Pandemic (2019)
2019,Saturday,4,453,52,8.7,Pre-Pandemic (2019)
2019,Saturday,5,762,52,14.7,Pre-Pandemic (2019)
2019,Saturday,6,1619,52,31.1,Pre-Pandemic (2019)
2019,Saturday,7,3903,52,75.1,Pre-Pandemic (2019)
2019,Saturday,8,8038,52,154.6,Pre-Pandemic (2019)
2019,Saturday,9,12948,52,249.0,Pre-Pandemic (2019)
2019,Saturday,10,17635,52,339.1,Pre-Pandemic (2019)
2019,Saturday,11,22432,52,431.4,Pre-Pandemic (2019)
2019,Saturday,12,26064,52,501.2,Pre-Pandemic (2019)
2019,Saturday,13,26812,52,515.6,Pre-Pandemic (2019)
2019,Saturday,14,27107,52,521.3,Pre-Pandemic (2019)
2019,Saturday,15,27385,52,526.6,Pre-Pandemic (2019)
2019,Saturday,16,26393,52,507.6,Pre-Pandemic (2019)
2019,Saturday,17,24951,52,479.8,Pre-Pandemic (2019)
2019,Saturday,18,22533,52,433.3,Pre-Pandemic (2019)
2019,Saturday,19,18150,52,349.0,Pre-Pandemic (2019)
2019,Saturday,20,13145,52,252.8,Pre-Pandemic (2019)
2019,Saturday,21,10882,52,209.3,Pre-Pandemic (2019)
2019,Saturday,22,9029,52,173.6,Pre-Pandemic (2019)
2019,Saturday,23,6787,52,130.5,Pre-Pandemic (2019)
2019,Sunday,0,5190,51,101.8,Pre-Pandemic (2019)
2019,Sunday,1,4722,51,92.6,Pre-Pandemic (2019)
2019,Sunday,2,2921,51,57.3,Pre-Pandemic (2019)
2019,Sunday,3,783,51,15.4,Pre-Pandemic (2019)
2019,Sunday,4,456,51,8.9,Pre-Pandemic (2019)
2019,Sunday,5,734,51,14.4,Pre-Pandemic (2019)
2019,Sunday,6,1532,51,30.0,Pre-Pandemic (2019)
2019,Sunday,7,3026,51,59.3,Pre-Pandemic (2019)
2019,Sunday,8,7129,51,139.8,Pre-Pandemic (2019)
2019,Sunday,9,12029,51,235.9,Pre-Pandemic (2019)
2019,Sunday,10,16825,51,329.9,Pre-Pandemic (2019)
2019,Sunday,11,20123,51,394.6,Pre-Pandemic (2019)
2019,Sunday,12,22793,51,446.9,Pre-Pandemic (2019)
2019,Sunday,13,24337,51,477.2,Pre-Pandemic (2019)
2019,Sunday,14,23897,51,468.6,Pre-Pandemic (2019)
2019,Sunday,15,23649,51,463.7,Pre-Pandemic (2019)
2019,Sunday,16,24043,51,471.4,Pre-Pandemic (2019)
2019,Sunday,17,22835,51,447.7,Pre-Pandemic (2019)
2019,Sunday,18,20801,51,407.9,Pre-Pandemic (2019)
2019,Sunday,19,15750,51,308.8,Pre-Pandemic (2019)
2019,Sunday,20,11998,51,235.3,Pre-Pandemic (2019)
2019,Sunday,21,8448,51,165.6,Pre-Pandemic (2019)
2019,Sunday,22,6560,51,128.6,Pre-Pandemic (2019)
2019,Sunday,23,4268,51,83.7,Pre-Pandemic (2019)
2019,Thursday,0,2000,52,38.5,Pre-Pandemic (2019)
2019,Thursday,1,1083,52,20.8,Pre-Pandemic (2019)
2019,Thursday,2,616,52,11.8,Pre-Pandemic (2019)
2019,Thursday,3,269,52,5.2,Pre-Pandemic (2019)
2019,Thursday,4,451,52,8.7,Pre-Pandemic (2019)
2019,Thursday,5,2688,52,51.7,Pre-Pandemic (2019)
2019,Thursday,6,8765,52,168.6,Pre-Pandemic (2019)
2019,Thursday,7,24608,52,473.2,Pre-Pandemic (2019)
2019,Thursday,8,42246,52,812.4,Pre-Pandemic (2019)
2019,Thursday,9,23299,52,448.1,Pre-Pandemic (2019)
2019,Thursday,10,13426,52,258.2,Pre-Pandemic (2019)
2019,Thursday,11,14103,52,271.2,Pre-Pandemic (2019)
2019,Thursday,12,16143,52,310.4,Pre-Pandemic (2019)
2019,Thursday,13,15650,52,301.0,Pre-Pandemic (2019)
2019,Thursday,14,15892,52,305.6,Pre-Pandemic (2019)
2019,Thursday,15,19731,52,379.4,Pre-Pandemic (2019)
2019,Thursday,16,33798,52,650.0,Pre-Pandemic (2019)
2019,Thursday,17,47834,52,919.9,Pre-Pandemic (2019)
2019,Thursday,18,34969,52,672.5,Pre-Pandemic (2019)
2019,Thursday,19,24131,52,464.1,Pre-Pandemic (2019)
2019,Thursday,20,16908,52,325.2,Pre-Pandemic (2019)
2019,Thursday,21,12727,52,244.8,Pre-Pandemic (2019)
2019,Thursday,22,8907,52,171.3,Pre-Pandemic (2019)
2019,Thursday,23,5993,52,115.2,Pre-Pandemic (2019)
2019,Tuesday,0,1636,53,30.9,Pre-Pandemic (2019)
2019,Tuesday,1,847,53,16.0,Pre-Pandemic (2019)
2019,Tuesday,2,537,53,10.1,Pre-Pandemic (2019)
2019,Tuesday,3,297,53,5.6,Pre-Pandemic (2019)
2019,Tuesday,4,497,53,9.4,Pre-Pandemic (2019)
2019,Tuesday,5,2950,53,55.7,Pre-Pandemic (2019)
2019,Tuesday,6,9352,53,176.5,Pre-Pandemic (2019)
2019,Tuesday,7,25719,53,485.3,Pre-Pandemic (2019)
2019,Tuesday,8,44398,53,837.7,Pre-Pandemic (2019)
2019,Tuesday,9,23118,53,436.2,Pre-Pandemic (2019)
2019,Tuesday,10,13064,53,246.5,Pre-Pandemic (2019)
2019,Tuesday,11,13468,53,254.1,Pre-Pandemic (2019)
2019,Tuesday,12,15621,53,294.7,Pre-Pandemic (2019)
2019,Tuesday,13,14855,53,280.3,Pre-Pandemic (2019)
2019,Tuesday,14,14792,53,279.1,Pre-Pandemic (2019)
2019,Tuesday,15,18467,53,348.4,Pre-Pandemic (2019)
2019,Tuesday,16,33007,53,622.8,Pre-Pandemic (2019)
2019,Tuesday,17,51021,53,962.7,Pre-Pandemic (2019)
2019,Tuesday,18,36896,53,696.2,Pre-Pandemic (2019)
2019,Tuesday,19,24084,53,454.4,Pre-Pandemic (2019)
2019,Tuesday,20,15962,53,301.2,Pre-Pandemic (2019)
2019,Tuesday,21,11622,53,219.3,Pre-Pandemic (2019)
2019,Tuesday,22,7729,53,145.8,Pre-Pandemic (2019)
2019,Tuesday,23,4221,53,79.6,Pre-Pandemic (2019)
2019,Wednesday,0,1845,52,35.5,Pre-Pandemic (2019)
2019,Wednesday,1,1003,52,19.3,Pre-Pandemic (2019)
2019,Wednesday,2,592,52,11.4,Pre-Pandemic (2019)
2019,Wednesday,3,232,52,4.5,Pre-Pandemic (2019)
2019,Wednesday,4,481,52,9.2,Pre-Pandemic (2019)
2019,Wednesday,5,3050,52,58.7,Pre-Pandemic (2019)
2019,Wednesday,6,9848,52,189.4,Pre-Pandemic (2019)
2019,Wednesday,7,27184,52,522.8,Pre-Pandemic (2019)
2019,Wednesday,8,46231,52,889.1,Pre-Pandemic (2019)
2019,Wednesday,9,24606,52,473.2,Pre-Pandemic (2019)
2019,Wednesday,10,13836,52,266.1,Pre-Pandemic (2019)
2019,Wednesday,11,14473,52,278.3,Pre-Pandemic (2019)
2019,Wednesday,12,16606,52,319.3,Pre-Pandemic (2019)
2019,Wednesday,13,15827,52,304.4,Pre-Pandemic (2019)
2019,Wednesday,14,15755,52,303.0,Pre-Pandemic (2019)
2019,Wednesday,15,19426,52,373.6,Pre-Pandemic (2019)
2019,Wednesday,16,32124,52,617.8,Pre-Pandemic (2019)
2019,Wednesday,17,47913,52,921.4,Pre-Pandemic (2019)
2019,Wednesday,18,34781,52,668.9,Pre-Pandemic (2019)
2019,Wednesday,19,23965,52,460.9,Pre-Pandemic (2019)
2019,Wednesday,20,15969,52,307.1,Pre-Pandemic (2019)
2019,Wednesday,21,11431,52,219.8,Pre-Pandemic (2019)
2019,Wednesday,22,7688,52,147.8,Pre-Pandemic (2019)
2019,Wednesday,23,4222,52,81.2,Pre-Pandemic (2019)
2022,Friday,0,19865,52,382.0,Post-Pandemic (2022)
2022,Friday,1,13766,52,264.7,Post-Pandemic (2022)
2022,Friday,2,10746,52,206.7,Post-Pandemic (2022)
2022,Friday,3,7492,52,144.1,Post-Pandemic (2022)
2022,Friday,4,4585,52,88.2,Post-Pandemic (2022)
2022,Friday,5,4257,52,81.9,Post-Pandemic (2022)
2022,Friday,6,6022,52,115.8,Post-Pandemic (2022)
2022,Friday,7,10218,52,196.5,Post-Pandemic (2022)
2022,Friday,8,12771,52,245.6,Post-Pandemic (2022)
2022,Friday,9,11488,52,220.9,Post-Pandemic (2022)
2022,Friday,10,14515,52,279.1,Post-Pandemic (2022)
2022,Friday,11,22596,52,434.5,Post-Pandemic (2022)
2022,Friday,12,32616,52,627.2,Post-Pandemic (2022)
2022,Friday,13,30377,52,584.2,Post-Pandemic (2022)
2022,Friday,14,29268,52,562.8,Post-Pandemic (2022)
2022,Friday,15,33035,52,635.3,Post-Pandemic (2022)
2022,Friday,16,38678,52,743.8,Post-Pandemic (2022)
2022,Friday,17,40296,52,774.9,Post-Pandemic (2022)
2022,Friday,18,37342,52,718.1,Post-Pandemic (2022)
2022,Friday,19,34864,52,670.5,Post-Pandemic (2022)
2022,Friday,20,35228,52,677.5,Post-Pandemic (2022)
2022,Friday,21,40730,52,783.3,Post-Pandemic (2022)
2022,Friday,22,38015,52,731.1,Post-Pandemic (2022)
2022,Friday,23,30829,52,592.9,Post-Pandemic (2022)
2022,Monday,0,15476,52,297.6,Post-Pandemic (2022)
2022,Monday,1,10969,52,210.9,Post-Pandemic (2022)
2022,Monday,2,8044,52,154.7,Post-Pandemic (2022)
2022,Monday,3,5447,52,104.8,Post-Pandemic (2022)
2022,Monday,4,3264,52,62.8,Post-Pandemic (2022)
2022,Monday,5,3281,52,63.1,Post-Pandemic (2022)
2022,Monday,6,5771,52,111.0,Post-Pandemic (2022)
2022,Monday,7,10815,52,208.0,Post-Pandemic (2022)
2022,Monday,8,13302,52,255.8,Post-Pandemic (2022)
2022,Monday,9,10932,52,210.2,Post-Pandemic (2022)
2022,Monday,10,13392,52,257.5,Post-Pandemic (2022)
2022,Monday,11,20916,52,402.2,Post-Pandemic (2022)
2022,Monday,12,30644,52,589.3,Post-Pandemic (2022)
2022,Monday,13,26642,52,512.3,Post-Pandemic (2022)
2022,Monday,14,23848,52,458.6,Post-Pandemic (2022)
2022,Monday,15,26326,52,506.3,Post-Pandemic (2022)
2022,Monday,16,32171,52,618.7,Post-Pandemic (2022)
2022,Monday,17,33004,52,634.7,Post-Pandemic (2022)
2022,Monday,18,30409,52,584.8,Post-Pandemic (2022)
2022,Monday,19,28117,52,540.7,Post-Pandemic (2022)
2022,Monday,20,29943,52,575.8,Post-Pandemic (2022)
2022,Monday,21,37123,52,713.9,Post-Pandemic (2022)
2022,Monday,22,33279,52,640.0,Post-Pandemic (2022)
2022,Monday,23,24811,52,477.1,Post-Pandemic (2022)
2022,Saturday,0,22988,53,433.7,Post-Pandemic (2022)
2022,Saturday,1,17432,53,328.9,Post-Pandemic (2022)
2022,Saturday,2,13964,53,263.5,Post-Pandemic (2022)
2022,Saturday,3,11533,53,217.6,Post-Pandemic (2022)
2022,Saturday,4,8823,53,166.5,Post-Pandemic (2022)
2022,Saturday,5,9126,53,172.2,Post-Pandemic (2022)
2022,Saturday,6,6229,53,117.5,Post-Pandemic (2022)
2022,Saturday,7,5230,53,98.7,Post-Pandemic (2022)
2022,Saturday,8,7312,53,138.0,Post-Pandemic (2022)
2022,Saturday,9,10663,53,201.2,Post-Pandemic (2022)
2022,Saturday,10,14796,53,279.2,Post-Pandemic (2022)
2022,Saturday,11,19467,53,367.3,Post-Pandemic (2022)
2022,Saturday,12,24826,53,468.4,Post-Pandemic (2022)
2022,Saturday,13,30676,53,578.8,Post-Pandemic (2022)
2022,Saturday,14,35906,53,677.5,Post-Pandemic (2022)
2022,Saturday,15,40883,53,771.4,Post-Pandemic (2022)
2022,Saturday,16,43131,53,813.8,Post-Pandemic (2022)
2022,Saturday,17,42192,53,796.1,Post-Pandemic (2022)
2022,Saturday,18,41342,53,780.0,Post-Pandemic (2022)
2022,Saturday,19,38740,53,730.9,Post-Pandemic (2022)
2022,Saturday,20,35041,53,661.2,Post-Pandemic (2022)
2022,Saturday,21,33598,53,633.9,Post-Pandemic (2022)
2022,Saturday,22,31413,53,592.7,Post-Pandemic (2022)
2022,Saturday,23,27406,53,517.1,Post-Pandemic (2022)
2022,Sunday,0,20965,51,411.1,Post-Pandemic (2022)
2022,Sunday,1,15949,51,312.7,Post-Pandemic (2022)
2022,Sunday,2,12785,51,250.7,Post-Pandemic (2022)
2022,Sunday,3,10149,51,199.0,Post-Pandemic (2022)
2022,Sunday,4,7805,51,153.0,Post-Pandemic (2022)
2022,Sunday,5,8171,51,160.2,Post-Pandemic (2022)
2022,Sunday,6,5938,51,116.4,Post-Pandemic (2022)
2022,Sunday,7,4301,51,84.3,Post-Pandemic (2022)
2022,Sunday,8,6133,51,120.3,Post-Pandemic (2022)
2022,Sunday,9,9636,51,188.9,Post-Pandemic (2022)
2022,Sunday,10,13724,51,269.1,Post-Pandemic (2022)
2022,Sunday,11,17082,51,334.9,Post-Pandemic (2022)
2022,Sunday,12,21754,51,426.5,Post-Pandemic (2022)
2022,Sunday,13,26085,51,511.5,Post-Pandemic (2022)
2022,Sunday,14,31032,51,608.5,Post-Pandemic (2022)
2022,Sunday,15,35274,51,691.6,Post-Pandemic (2022)
2022,Sunday,16,38412,51,753.2,Post-Pandemic (2022)
2022,Sunday,17,37878,51,742.7,Post-Pandemic (2022)
2022,Sunday,18,36278,51,711.3,Post-Pandemic (2022)
2022,Sunday,19,34582,51,678.1,Post-Pandemic (2022)
2022,Sunday,20,32802,51,643.2,Post-Pandemic (2022)
2022,Sunday,21,30170,51,591.6,Post-Pandemic (2022)
2022,Sunday,22,27620,51,541.6,Post-Pandemic (2022)
2022,Sunday,23,22206,51,435.4,Post-Pandemic (2022)
2022,Thursday,0,19313,52,371.4,Post-Pandemic (2022)
2022,Thursday,1,13692,52,263.3,Post-Pandemic (2022)
2022,Thursday,2,10546,52,202.8,Post-Pandemic (2022)
2022,Thursday,3,6235,52,119.9,Post-Pandemic (2022)
2022,Thursday,4,3509,52,67.5,Post-Pandemic (2022)
2022,Thursday,5,3634,52,69.9,Post-Pandemic (2022)
2022,Thursday,6,7313,52,140.6,Post-Pandemic (2022)
2022,Thursday,7,14770,52,284.0,Post-Pandemic (2022)
2022,Thursday,8,17602,52,338.5,Post-Pandemic (2022)
2022,Thursday,9,12531,52,241.0,Post-Pandemic (2022)
2022,Thursday,10,14659,52,281.9,Post-Pandemic (2022)
2022,Thursday,11,23502,52,452.0,Post-Pandemic (2022)
2022,Thursday,12,36013,52,692.6,Post-Pandemic (2022)
2022,Thursday,13,30202,52,580.8,Post-Pandemic (2022)
2022,Thursday,14,26641,52,512.3,Post-Pandemic (2022)
2022,Thursday,15,29028,52,558.2,Post-Pandemic (2022)
2022,Thursday,16,36156,52,695.3,Post-Pandemic (2022)
2022,Thursday,17,38373,52,737.9,Post-Pandemic (2022)
2022,Thursday,18,34137,52,656.5,Post-Pandemic (2022)
2022,Thursday,19,31812,52,611.8,Post-Pandemic (2022)
2022,Thursday,20,34615,52,665.7,Post-Pandemic (2022)
2022,Thursday,21,43656,52,839.5,Post-Pandemic (2022)
2022,Thursday,22,39144,52,752.8,Post-Pandemic (2022)
2022,Thursday,23,28991,52,557.5,Post-Pandemic (2022)
2022,Tuesday,0,16898,52,325.0,Post-Pandemic (2022)
2022,Tuesday,1,11530,52,221.7,Post-Pandemic (2022)
2022,Tuesday,2,7753,52,149.1,Post-Pandemic (2022)
2022,Tuesday,3,5306,52,102.0,Post-Pandemic (2022)
2022,Tuesday,4,3026,52,58.2,Post-Pandemic (2022)
2022,Tuesday,5,3003,52,57.8,Post-Pandemic (2022)
2022,Tuesday,6,6437,52,123.8,Post-Pandemic (2022)
2022,Tuesday,7,13381,52,257.3,Post-Pandemic (2022)
2022,Tuesday,8,15149,52,291.3,Post-Pandemic (2022)
2022,Tuesday,9,10865,52,208.9,Post-Pandemic (2022)
2022,Tuesday,10,13636,52,262.2,Post-Pandemic (2022)
2022,Tuesday,11,24114,52,463.7,Post-Pandemic (2022)
2022,Tuesday,12,37653,52,724.1,Post-Pandemic (2022)
2022,Tuesday,13,29547,52,568.2,Post-Pandemic (2022)
2022,Tuesday,14,24807,52,477.1,Post-Pandemic (2022)
2022,Tuesday,15,26978,52,518.8,Post-Pandemic (2022)
2022,Tuesday,16,33447,52,643.2,Post-Pandemic (2022)
2022,Tuesday,17,34893,52,671.0,Post-Pandemic (2022)
2022,Tuesday,18,30345,52,583.6,Post-Pandemic (2022)
2022,Tuesday,19,28730,52,552.5,Post-Pandemic (2022)
2022,Tuesday,20,32677,52,628.4,Post-Pandemic (2022)
2022,Tuesday,21,43858,52,843.4,Post-Pandemic (2022)
2022,Tuesday,22,38855,52,747.2,Post-Pandemic (2022)
2022,Tuesday,23,27096,52,521.1,Post-Pandemic (2022)
2022,Wednesday,0,17858,52,343.4,Post-Pandemic (2022)
2022,Wednesday,1,12379,52,238.1,Post-Pandemic (2022)
2022,Wednesday,2,9000,52,173.1,Post-Pandemic (2022)
2022,Wednesday,3,5294,52,101.8,Post-Pandemic (2022)
2022,Wednesday,4,2914,52,56.0,Post-Pandemic (2022)
2022,Wednesday,5,3144,52,60.5,Post-Pandemic (2022)
2022,Wednesday,6,6031,52,116.0,Post-Pandemic (2022)
2022,Wednesday,7,12681,52,243.9,Post-Pandemic (2022)
2022,Wednesday,8,15003,52,288.5,Post-Pandemic (2022)
2022,Wednesday,9,11620,52,223.5,Post-Pandemic (2022)
2022,Wednesday,10,14191,52,272.9,Post-Pandemic (2022)
2022,Wednesday,11,24586,52,472.8,Post-Pandemic (2022)
2022,Wednesday,12,38135,52,733.4,Post-Pandemic (2022)
2022,Wednesday,13,30798,52,592.3,Post-Pandemic (2022)
2022,Wednesday,14,25599,52,492.3,Post-Pandemic (2022)
2022,Wednesday,15,27992,52,538.3,Post-Pandemic (2022)
2022,Wednesday,16,34579,52,665.0,Post-Pandemic (2022)
2022,Wednesday,17,36581,52,703.5,Post-Pandemic (2022)
2022,Wednesday,18,33117,52,636.9,Post-Pandemic (2022)
2022,Wednesday,19,30557,52,587.6,Post-Pandemic (2022)
2022,Wednesday,20,35077,52,674.6,Post-Pandemic (2022)
2022,Wednesday,21,46730,52,898.7,Post-Pandemic (2022)
2022,Wednesday,22,41790,52,803.7,Post-Pandemic (2022)
2022,Wednesday,23,30035,52,577.6,Post-Pandemic (2022)
2023,Friday,0,5179,52,99.6,Post-Pandemic (2023)
2023,Friday,1,3015,52,58.0,Post-Pandemic (2023)
2023,Friday,2,1550,52,29.8,Post-Pandemic (2023)
2023,Friday,3,711,52,13.7,Post-Pandemic (2023)
2023,Friday,4,932,52,17.9,Post-Pandemic (2023)
2023,Friday,5,3110,52,59.8,Post-Pandemic (2023)
2023,Friday,6,9181,52,176.6,Post-Pandemic (2023)
2023,Friday,7,21361,52,410.8,Post-Pandemic (2023)
2023,Friday,8,39014,52,750.3,Post-Pandemic (2023)
2023,Friday,9,29405,52,565.5,Post-Pandemic (2023)
2023,Friday,10,22230,52,427.5,Post-Pandemic (2023)
2023,Friday,11,24222,52,465.8,Post-Pandemic (2023)
2023,Friday,12,28689,52,551.7,Post-Pandemic (2023)
2023,Friday,13,30736,52,591.1,Post-Pandemic (2023)
2023,Friday,14,31966,52,614.7,Post-Pandemic (2023)
2023,Friday,15,37064,52,712.8,Post-Pandemic (2023)
2023,Friday,16,45828,52,881.3,Post-Pandemic (2023)
2023,Friday,17,55066,52,1059.0,Post-Pandemic (2023)
2023,Friday,18,46916,52,902.2,Post-Pandemic (2023)
2023,Friday,19,34262,52,658.9,Post-Pandemic (2023)
2023,Friday,20,24068,52,462.8,Post-Pandemic (2023)
2023,Friday,21,19366,52,372.4,Post-Pandemic (2023)
2023,Friday,22,17535,52,337.2,Post-Pandemic (2023)
2023,Friday,23,14113,52,271.4,Post-Pandemic (2023)
2023,Monday,0,3203,52,61.6,Post-Pandemic (2023)
2023,Monday,1,1937,52,37.2,Post-Pandemic (2023)
2023,Monday,2,960,52,18.5,Post-Pandemic (2023)
2023,Monday,3,497,52,9.6,Post-Pandemic (2023)
2023,Monday,4,765,52,14.7,Post-Pandemic (2023)
2023,Monday,5,3146,52,60.5,Post-Pandemic (2023)
2023,Monday,6,9139,52,175.8,Post-Pandemic (2023)
2023,Monday,7,21771,52,418.7,Post-Pandemic (2023)
2023,Monday,8,38978,52,749.6,Post-Pandemic (2023)
2023,Monday,9,26166,52,503.2,Post-Pandemic (2023)
2023,Monday,10,19762,52,380.0,Post-Pandemic (2023)
2023,Monday,11,20844,52,400.8,Post-Pandemic (2023)
2023,Monday,12,24272,52,466.8,Post-Pandemic (2023)
2023,Monday,13,23478,52,451.5,Post-Pandemic (2023)
2023,Monday,14,25289,52,486.3,Post-Pandemic (2023)
2023,Monday,15,29329,52,564.0,Post-Pandemic (2023)
2023,Monday,16,40813,52,784.9,Post-Pandemic (2023)
2023,Monday,17,55385,52,1065.1,Post-Pandemic (2023)
2023,Monday,18,46149,52,887.5,Post-Pandemic (2023)
2023,Monday,19,33463,52,643.5,Post-Pandemic (2023)
2023,Monday,20,22641,52,435.4,Post-Pandemic (2023)
2023,Monday,21,15487,52,297.8,Post-Pandemic (2023)
2023,Monday,22,11137,52,214.2,Post-Pandemic (2023)
2023,Monday,23,6161,52,118.5,Post-Pandemic (2023)
2023,Saturday,0,10564,52,203.2,Post-Pandemic (2023)
2023,Saturday,1,10010,52,192.5,Post-Pandemic (2023)
2023,Saturday,2,5739,52,110.4,Post-Pandemic (2023)
2023,Saturday,3,1688,52,32.5,Post-Pandemic (2023)
2023,Saturday,4,946,52,18.2,Post-Pandemic (2023)
2023,Saturday,5,1370,52,26.3,Post-Pandemic (2023)
2023,Saturday,6,3181,52,61.2,Post-Pandemic (2023)
2023,Saturday,7,6336,52,121.8,Post-Pandemic (2023)
2023,Saturday,8,11996,52,230.7,Post-Pandemic (2023)
2023,Saturday,9,19644,52,377.8,Post-Pandemic (2023)
2023,Saturday,10,26264,52,505.1,Post-Pandemic (2023)
2023,Saturday,11,32084,52,617.0,Post-Pandemic (2023)
2023,Saturday,12,35222,52,677.3,Post-Pandemic (2023)
2023,Saturday,13,35324,52,679.3,Post-Pandemic (2023)
2023,Saturday,14,36369,52,699.4,Post-Pandemic (2023)
2023,Saturday,15,36482,52,701.6,Post-Pandemic (2023)
2023,Saturday,16,35325,52,679.3,Post-Pandemic (2023)
2023,Saturday,17,33790,52,649.8,Post-Pandemic (2023)
2023,Saturday,18,32426,52,623.6,Post-Pandemic (2023)
2023,Saturday,19,28072,52,539.8,Post-Pandemic (2023)
2023,Saturday,20,20215,52,388.8,Post-Pandemic (2023)
2023,Saturday,21,16166,52,310.9,Post-Pandemic (2023)
2023,Saturday,22,14285,52,274.7,Post-Pandemic (2023)
2023,Saturday,23,12247,52,235.5,Post-Pandemic (2023)
2023,Sunday,0,9631,53,181.7,Post-Pandemic (2023)
2023,Sunday,1,10286,53,194.1,Post-Pandemic (2023)
2023,Sunday,2,5707,53,107.7,Post-Pandemic (2023)
2023,Sunday,3,1450,53,27.4,Post-Pandemic (2023)
2023,Sunday,4,946,53,17.8,Post-Pandemic (2023)
2023,Sunday,5,1386,53,26.2,Post-Pandemic (2023)
2023,Sunday,6,2957,53,55.8,Post-Pandemic (2023)
2023,Sunday,7,5435,53,102.5,Post-Pandemic (2023)
2023,Sunday,8,10703,53,201.9,Post-Pandemic (2023)
2023,Sunday,9,18735,53,353.5,Post-Pandemic (2023)
2023,Sunday,10,26525,53,500.5,Post-Pandemic (2023)
2023,Sunday,11,31248,53,589.6,Post-Pandemic (2023)
2023,Sunday,12,35187,53,663.9,Post-Pandemic (2023)
2023,Sunday,13,36469,53,688.1,Post-Pandemic (2023)
2023,Sunday,14,36486,53,688.4,Post-Pandemic (2023)
2023,Sunday,15,37005,53,698.2,Post-Pandemic (2023)
2023,Sunday,16,36969,53,697.5,Post-Pandemic (2023)
2023,Sunday,17,35086,53,662.0,Post-Pandemic (2023)
2023,Sunday,18,32503,53,613.3,Post-Pandemic (2023)
2023,Sunday,19,25016,53,472.0,Post-Pandemic (2023)
2023,Sunday,20,17969,53,339.0,Post-Pandemic (2023)
2023,Sunday,21,13328,53,251.5,Post-Pandemic (2023)
2023,Sunday,22,10447,53,197.1,Post-Pandemic (2023)
2023,Sunday,23,6287,53,118.6,Post-Pandemic (2023)
2023,Thursday,0,3432,52,66.0,Post-Pandemic (2023)
2023,Thursday,1,1823,52,35.1,Post-Pandemic (2023)
2023,Thursday,2,943,52,18.1,Post-Pandemic (2023)
2023,Thursday,3,500,52,9.6,Post-Pandemic (2023)
2023,Thursday,4,803,52,15.4,Post-Pandemic (2023)
2023,Thursday,5,3607,52,69.4,Post-Pandemic (2023)
2023,Thursday,6,11148,52,214.4,Post-Pandemic (2023)
2023,Thursday,7,29500,52,567.3,Post-Pandemic (2023)
2023,Thursday,8,54217,52,1042.6,Post-Pandemic (2023)
2023,Thursday,9,33398,52,642.3,Post-Pandemic (2023)
2023,Thursday,10,21624,52,415.8,Post-Pandemic (2023)
2023,Thursday,11,22631,52,435.2,Post-Pandemic (2023)
2023,Thursday,12,25873,52,497.6,Post-Pandemic (2023)
2023,Thursday,13,25214,52,484.9,Post-Pandemic (2023)
2023,Thursday,14,27025,52,519.7,Post-Pandemic (2023)
2023,Thursday,15,33129,52,637.1,Post-Pandemic (2023)
2023,Thursday,16,48286,52,928.6,Post-Pandemic (2023)
2023,Thursday,17,67192,52,1292.2,Post-Pandemic (2023)
2023,Thursday,18,55119,52,1060.0,Post-Pandemic (2023)
2023,Thursday,19,38395,52,738.4,Post-Pandemic (2023)
2023,Thursday,20,27302,52,525.0,Post-Pandemic (2023)
2023,Thursday,21,20451,52,393.3,Post-Pandemic (2023)
2023,Thursday,22,14778,52,284.2,Post-Pandemic (2023)
2023,Thursday,23,9257,52,178.0,Post-Pandemic (2023)
2023,Tuesday,0,2988,52,57.5,Post-Pandemic (2023)
2023,Tuesday,1,1512,52,29.1,Post-Pandemic (2023)
2023,Tuesday,2,680,52,13.1,Post-Pandemic (2023)
2023,Tuesday,3,447,52,8.6,Post-Pandemic (2023)
2023,Tuesday,4,735,52,14.1,Post-Pandemic (2023)
2023,Tuesday,5,3669,52,70.6,Post-Pandemic (2023)
2023,Tuesday,6,11374,52,218.7,Post-Pandemic (2023)
2023,Tuesday,7,29074,52,559.1,Post-Pandemic (2023)
2023,Tuesday,8,52854,52,1016.4,Post-Pandemic (2023)
2023,Tuesday,9,31409,52,604.0,Post-Pandemic (2023)
2023,Tuesday,10,19385,52,372.8,Post-Pandemic (2023)
2023,Tuesday,11,20276,52,389.9,Post-Pandemic (2023)
2023,Tuesday,12,23548,52,452.8,Post-Pandemic (2023)
2023,Tuesday,13,23533,52,452.6,Post-Pandemic (2023)
2023,Tuesday,14,25331,52,487.1,Post-Pandemic (2023)
2023,Tuesday,15,30398,52,584.6,Post-Pandemic (2023)
2023,Tuesday,16,45956,52,883.8,Post-Pandemic (2023)
2023,Tuesday,17,66569,52,1280.2,Post-Pandemic (2023)
2023,Tuesday,18,53429,52,1027.5,Post-Pandemic (2023)
2023,Tuesday,19,37085,52,713.2,Post-Pandemic (2023)
2023,Tuesday,20,25332,52,487.2,Post-Pandemic (2023)
2023,Tuesday,21,19266,52,370.5,Post-Pandemic (2023)
2023,Tuesday,22,13387,52,257.4,Post-Pandemic (2023)
2023,Tuesday,23,8000,52,153.8,Post-Pandemic (2023)
2023,Wednesday,0,3377,52,64.9,Post-Pandemic (2023)
2023,Wednesday,1,1680,52,32.3,Post-Pandemic (2023)
2023,Wednesday,2,866,52,16.7,Post-Pandemic (2023)
2023,Wednesday,3,496,52,9.5,Post-Pandemic (2023)
2023,Wednesday,4,772,52,14.8,Post-Pandemic (2023)
2023,Wednesday,5,3806,52,73.2,Post-Pandemic (2023)
2023,Wednesday,6,11858,52,228.0,Post-Pandemic (2023)
2023,Wednesday,7,30645,52,589.3,Post-Pandemic (2023)
2023,Wednesday,8,56532,52,1087.2,Post-Pandemic (2023)
2023,Wednesday,9,33790,52,649.8,Post-Pandemic (2023)
2023,Wednesday,10,21982,52,422.7,Post-Pandemic (2023)
2023,Wednesday,11,22422,52,431.2,Post-Pandemic (2023)
2023,Wednesday,12,24662,52,474.3,Post-Pandemic (2023)
2023,Wednesday,13,24155,52,464.5,Post-Pandemic (2023)
2023,Wednesday,14,25937,52,498.8,Post-Pandemic (2023)
2023,Wednesday,15,32215,52,619.5,Post-Pandemic (2023)
2023,Wednesday,16,49333,52,948.7,Post-Pandemic (2023)
2023,Wednesday,17,69683,52,1340.1,Post-Pandemic (2023)
2023,Wednesday,18,54819,52,1054.2,Post-Pandemic (2023)
2023,Wednesday,19,36520,52,702.3,Post-Pandemic (2023)
2023,Wednesday,20,25341,52,487.3,Post-Pandemic (2023)
2023,Wednesday,21,18720,52,360.0,Post-Pandemic (2023)
2023,Wednesday,22,13223,52,254.3,Post-Pandemic (2023)
2023,Wednesday,23,7513,52,144.5,Post-Pandemic (2023)
